{"conv1": {"0": 0.04123263888888889, "1": 0.0, "2": 0.0, "3": 0.9587673611111112, "4": 0.0, "N": 89}, "layer1.0.conv1": {"0": 0.12173413099272272, "1": 0.24558809544709737, "2": 0.32825083262316146, "3": 0.2280744274010819, "4": 0.07635251353593653, "N": 89}, "layer1.0.conv2": {"0": 0.1433817164579432, "1": 0.28403826986210473, "2": 0.3276956036742707, "3": 0.19393527522664541, "4": 0.05094913477903597, "N": 89}, "layer1.1.conv1": {"0": 0.12055032708671655, "1": 0.24660210960664403, "2": 0.34037655271989725, "3": 0.22790682122353162, "4": 0.06456418936321054, "N": 89}, "layer1.1.conv2": {"0": 0.1738694104064865, "1": 0.31662193517411097, "2": 0.31670491793628935, "3": 0.16003317957960264, "4": 0.0327705569035105, "N": 89}, "layer2.0.conv1": {"0": 0.11767923876587372, "1": 0.2550301522053732, "2": 0.34255500441038056, "3": 0.22439722354045968, "4": 0.06033838107791286, "N": 89}, "layer2.0.conv2": {"0": 0.2548831696813919, "1": 0.3273849344432131, "2": 0.2721889391076401, "3": 0.12087101406521267, "4": 0.02467194270254223, "N": 89}, "layer2.0.downsample.0": {"0": 0.07876291167869996, "1": 0.2633471971147516, "2": 0.3593524118487755, "3": 0.23719594719704618, "4": 0.061341532160726825, "N": 89}, "layer2.1.conv1": {"0": 0.18324626012985476, "1": 0.27488730879460976, "2": 0.3156915871838059, "3": 0.18161889170290677, "4": 0.04455595218882281, "N": 89}, "layer2.1.conv2": {"0": 0.4287589545851194, "1": 0.35957590262690436, "2": 0.1644351306777173, "3": 0.04189936796228835, "4": 0.005330644147970554, "N": 89}, "layer3.0.conv1": {"0": 0.19448091028334943, "1": 0.2881212984577993, "2": 0.3129325180910946, "3": 0.16759864816653744, "4": 0.03686662500121918, "N": 89}, "layer3.0.conv2": {"0": 0.3481886121961806, "1": 0.31128217575701883, "2": 0.23103390144795813, "3": 0.0927408030268256, "4": 0.01675450757201691, "N": 89}, "layer3.0.downsample.0": {"0": 0.12370338868559076, "1": 0.3093367587314563, "2": 0.33873328733979985, "3": 0.1855298588784893, "4": 0.0426967063646638, "N": 89}, "layer3.1.conv1": {"0": 0.27981344025382093, "1": 0.2752655448389708, "2": 0.2749110184954049, "3": 0.13981250281935179, "4": 0.030197493592451573, "N": 89}, "layer3.1.conv2": {"0": 0.5538687188080634, "1": 0.3101546922128894, "2": 0.11073751366242636, "3": 0.02277925279405382, "4": 0.002459822522567006, "N": 89}, "layer4.0.conv1": {"0": 0.3064229300852572, "1": 0.2932390220156323, "2": 0.2589661482716916, "3": 0.11827345525429639, "4": 0.023098444373122463, "N": 89}, "layer4.0.conv2": {"0": 0.6138475658592958, "1": 0.26161056451880826, "2": 0.10048940327581246, "3": 0.021703412916776393, "4": 0.002349053429307116, "N": 89}, "layer4.0.downsample.0": {"0": 0.1590033970522077, "1": 0.3360037214300606, "2": 0.3164710141299816, "3": 0.15609599767106302, "4": 0.03242586971668715, "N": 89}, "layer4.1.conv1": {"0": 0.5332546996117828, "1": 0.2708087997341275, "2": 0.14575894673665366, "3": 0.04384693760103947, "4": 0.0063306163163964965, "N": 89}, "layer4.1.conv2": {"0": 0.6717556537909156, "1": 0.24071950829133262, "2": 0.07303444842125444, "3": 0.013198092933302366, "4": 0.0012922965631949322, "N": 89}}