{"conv1": {"max": 0.9587673611111112, "min": 0.9587673611111112, "avg": 0.9587673611111722, "N": 3399.0}, "layer1.0.conv1": {"max": 0.23899475733439127, "min": 0.2056643697950575, "avg": 0.23081133332195866, "N": 3399.0}, "layer1.0.conv2": {"max": 0.2217898898654514, "min": 0.17931493123372397, "avg": 0.20221353793034272, "N": 3399.0}, "layer1.1.conv1": {"max": 0.23713175455729166, "min": 0.22124735514322916, "avg": 0.23024665668320785, "N": 3399.0}, "layer1.1.conv2": {"max": 0.2196298705206977, "min": 0.18194829093085396, "avg": 0.19395516475283328, "N": 3399.0}, "layer2.0.conv1": {"max": 0.2349921332465278, "min": 0.21220901277330187, "avg": 0.22380064529122715, "N": 3399.0}, "layer2.0.conv2": {"max": 0.13221046659681532, "min": 0.07646987173292372, "avg": 0.11581852833468954, "N": 3399.0}, "layer2.0.downsample.0": {"max": 0.245391845703125, "min": 0.2232666015625, "avg": 0.23374842320796005, "N": 3399.0}, "layer2.1.conv1": {"max": 0.21896017922295463, "min": 0.19859260982937282, "avg": 0.2057782557902961, "N": 3399.0}, "layer2.1.conv2": {"max": 0.058220624923706055, "min": 0.03938788837856717, "avg": 0.0513681099245, "N": 3399.0}, "layer3.0.conv1": {"max": 0.18194569481743705, "min": 0.15521197848849827, "avg": 0.1697468470507672, "N": 3399.0}, "layer3.0.conv2": {"max": 0.11234866248236762, "min": 0.06795239448547363, "avg": 0.09879465303604651, "N": 3399.0}, "layer3.0.downsample.0": {"max": 0.2001943588256836, "min": 0.1691889762878418, "avg": 0.18632389160070936, "N": 3399.0}, "layer3.1.conv1": {"max": 0.18779807620578343, "min": 0.16724642117818198, "avg": 0.17478131533238025, "N": 3399.0}, "layer3.1.conv2": {"max": 0.05373462041219076, "min": 0.034562614228990346, "avg": 0.04388071668373671, "N": 3399.0}, "layer4.0.conv1": {"max": 0.15584384070502388, "min": 0.1245173348320855, "avg": 0.14214358534436766, "N": 3399.0}, "layer4.0.conv2": {"max": 0.05113376511467828, "min": 0.025098933113945857, "avg": 0.039631500088577507, "N": 3399.0}, "layer4.0.downsample.0": {"max": 0.19079256057739258, "min": 0.15196752548217773, "avg": 0.17359787283591874, "N": 3399.0}, "layer4.1.conv1": {"max": 0.06778968705071343, "min": 0.04918736881679959, "avg": 0.059478774784179546, "N": 3399.0}, "layer4.1.conv2": {"max": 0.03843153847588433, "min": 0.01241718398200141, "avg": 0.02429941911601679, "N": 3399.0}}