{"conv1": {"max": 0.9587673611111112, "min": 0.9587673611111112, "avg": 0.9587673611112651, "N": 9999.0}, "layer1.0.conv1": {"max": 0.4788088798522949, "min": 0.41175270080566406, "avg": 0.46376848475428645, "N": 9999.0}, "layer1.0.conv2": {"max": 0.4735693136850993, "min": 0.3296133412255181, "avg": 0.4065881240255416, "N": 9999.0}, "layer1.1.conv1": {"max": 0.4744599395328098, "min": 0.42432141304016113, "avg": 0.4514429877709417, "N": 9999.0}, "layer1.1.conv2": {"max": 0.43609187338087296, "min": 0.3211331367492676, "avg": 0.3673872477113493, "N": 9999.0}, "layer2.0.conv1": {"max": 0.4639959865146213, "min": 0.38455528683132595, "avg": 0.4409875832553948, "N": 9999.0}, "layer2.0.conv2": {"max": 0.3447054757012261, "min": 0.2049596044752333, "avg": 0.3059160636735629, "N": 9999.0}, "layer2.0.downsample.0": {"max": 0.48602294921875, "min": 0.3990473747253418, "avg": 0.4615595897014938, "N": 9999.0}, "layer2.1.conv1": {"max": 0.4210360050201416, "min": 0.34504591094122994, "avg": 0.3717111827143148, "N": 9999.0}, "layer2.1.conv2": {"max": 0.22384844885932076, "min": 0.143107361263699, "avg": 0.2003178008285619, "N": 9999.0}, "layer3.0.conv1": {"max": 0.16030248006184897, "min": 0.13312080171373156, "avg": 0.14890555663783422, "N": 9999.0}, "layer3.0.conv2": {"max": 0.09177298016018337, "min": 0.05708667967054579, "avg": 0.08103609206158711, "N": 9999.0}, "layer3.0.downsample.0": {"max": 0.1780562400817871, "min": 0.14716291427612305, "avg": 0.16496117399482538, "N": 9999.0}, "layer3.1.conv1": {"max": 0.1872380574544271, "min": 0.16705430878533256, "avg": 0.17700661628783662, "N": 9999.0}, "layer3.1.conv2": {"max": 0.038833671145968966, "min": 0.025969187418619793, "avg": 0.03242115546501599, "N": 9999.0}, "layer4.0.conv1": {"max": 0.16305123435126412, "min": 0.12318399217393664, "avg": 0.14325306692707487, "N": 9999.0}, "layer4.0.conv2": {"max": 0.03831264707777235, "min": 0.018373939726087783, "avg": 0.031248237637607267, "N": 9999.0}, "layer4.0.downsample.0": {"max": 0.19919538497924805, "min": 0.15048742294311523, "avg": 0.1749942182767314, "N": 9999.0}, "layer4.1.conv1": {"max": 0.04227487246195475, "min": 0.022860182656182185, "avg": 0.03430481509210913, "N": 9999.0}, "layer4.1.conv2": {"max": 0.0315660105811225, "min": 0.008959346347384982, "avg": 0.02081376980808495, "N": 9999.0}}